merge_idx,repository,branch_name,merge_commit,parent_1,parent_2,notes,conflicts
2,mk12/mycraft,refs/heads/main,0c97f91ba74f68cb663a2ac18a4504c42d8e91a4,bbd62d6d8de3c99fb0bb8477e9521410bcdce1cc,cf88ce49705b14d4938201250cde025037ab45dc,,2-0
14,CXgamer/MC-ticker,refs/heads/master,332c9aadd49d54b3fac183f89096e8b451b34dd0,0790361d4a756910762dde7dc10e0b460e9c0ebb,37b9d1fae72ea03dcde59f866aa0e5eeb6eb26de,,14-0;14-1;14-2;14-3;14-4
21,Sidereo/Paparazzi,refs/heads/master,7fb5bbc09bb0bf0dd387065778866a3367ea1d9e,799883155424360c5a651e290094b0b4cb276253,c5397f6dbf940458fe5700b774cfd9d99d1d90d6,,21-0
48,markush/pxchat,refs/heads/master,1fc9fd815b083df4e1f7cb3877a4c9fe8edeefcd,8de97fd27bf0084e82515d68c18f974c688e481d,b9fcaac284b36bd5418cfbc1845c682b24aa807a,,48-0
51,markush/pxchat,refs/heads/master,d3dd86ae21732527548e7e84ccc5f235dd6a7b1d,9d6bafde315386ca779c01038c7870b316e3567b,44dd5dbd1f499a64688cb62fbecc48b60855646d,,51-0;51-1;51-2
97,twitter/netty-http2,refs/remotes/origin/pull/4,d7c61b550b8ab7930e77d9ae7d6ce1b8a166e2d4,1cfc49fd02991fc028b260d8184f065ff6ae4523,510223b72bb3d074292a90adfc73de906e82b4a1,,97-0
98,twitter/netty-http2,refs/remotes/origin/pull/4,638272af2eaa275b497e095873fd0a48cff84f2e,1cfc49fd02991fc028b260d8184f065ff6ae4523,510223b72bb3d074292a90adfc73de906e82b4a1,,98-0
99,lsjwzh/MediaPlayerEx,refs/heads/master,c2b8da31fccbdc173ed979f13a9b3b917247b43a,74c16af6c41436f28429f390da8c86dad026deeb,3ae36bb6ca314ba197c411eaaa15b13364bc7a99,,99-0
204,Turkey2349/Call_Of_Minecraft-Zombies,refs/heads/master,c609a1f98b3d4d706ac0c8bce731a172b692b96c,d48ab02b080f1ed5eea69266dcb0dde918bca1f7,29e74897b10b53237bf7a331cdde9a23b53b1e04,,204-0;204-1
238,Unihedro/JavaBot,refs/heads/master,7490bd54bf96924d1deefd18e9e81c55bc9aeb25,8aa4ea034f1a8b061c232abb199da32fe3a82447,5691327b5891574492d2ec98421c2a437f22c6ce,,238-0
250,Unihedro/JavaBot,refs/remotes/origin/fix-issue33,85d824556b4a6987237a07de90a0089969410545,6597429e38541a7851d85d793cd6f412390a7710,433c06ff066120df0cd638b518ca7cc84edceaa3,,250-0
324,coobird/thumbnailator,refs/heads/master,6c9491f4485970911ab77445341443444186eaad,be81c51ad09673318d39334d8b61065154f6cf28,9021df0c84d9834440e5d0e74d3fba608fe1d894,,324-0
335,coobird/thumbnailator,refs/heads/master,2d336bc03dc1d108d49d538a1038b7f40c229d90,01fa337708896ea9fbdbdaee03b2bfb2661a7ea6,b02361554b8c39271ff2af7bc9735a6a37493281,,335-0
336,coobird/thumbnailator,refs/heads/master,01fa337708896ea9fbdbdaee03b2bfb2661a7ea6,7d518428272cb4b2b26c68f4c44a81981597f0df,a0df20593c3794c0e2dc3f929d0df693ec3e0035,,336-0;336-1
337,coobird/thumbnailator,refs/heads/master,7d518428272cb4b2b26c68f4c44a81981597f0df,b70eb19c729e26c07925c05a3c5a5008fdc047b6,3e0d004eb0b4ab3d4b9d462e203b93fd1397967f,,337-0
339,coobird/thumbnailator,refs/heads/master,56dee622995e7a742ed6653942f39db624e3b069,d9d4eafeaa2c52d623c78f613aa31188e861414d,0ca48bdcd2f12d8be5bad4c59dbd9fa8f36cc7ed,,339-0;339-1;339-2;339-3;339-4
344,coobird/thumbnailator,refs/heads/master,9e8f2d8270b89726de4b4670998b5f71884915a5,debfaf351db6a744f49b69ee553e942be715920f,d52734e7b3f4d20651f921979c98bc4ec736106d,,344-0
346,coobird/thumbnailator,refs/heads/master,f2a07bbe5c59cc4b4b37935ee808356eab81c862,81d4fa37fe287a17bacfa170ff1ec3146534ddda,359ea2de21ed11db3e06712193e81f82f497e863,,346-0;346-1
353,coobird/thumbnailator,refs/heads/master,97efd05e6b972c71dc03f1afe1d21ca99e4eeffd,22e7dbc98925012c4b7dbc9dae0f7a66341dafb9,e940304b162cdc49e5d3d159440494a35d7570bc,,353-0
404,vaadin/gwt-polymer,refs/heads/master,0bb057ea2779c7fbffa88c6f105dde99384521dc,35cfcb5032b5d0529227acaf0d6de7762189dc4e,63dc190b8a377240a87bbfbf210c626364cc2699,,404-0
409,vaadin/gwt-polymer,refs/heads/master,3fd308614115d983c90533b7a63169fbac7aa407,fb22bde778c06c73315b3bf4ff43a3be9fc0b7ae,c752d2b2fe4e603b5df30238f3ca1420b47cb16b,,409-0
425,vaadin/gwt-polymer,refs/remotes/origin/pull/57,0f9bd8e3d6ef999b22d505d0a9fdfc5472ed91bb,27f29bbdbe0ae46a4f6b11666d8619ba89f2c9c4,6a1decfa742a75c6d5ab0b4444f98bf08dcbe8a2,,425-0
442,jsurfer/JsonSurfer,refs/heads/master,ea51bf7feae88db84d488e9e9c17280df717f40f,c9f03be667c63c750b4f4f0438c05a02575cd4a8,f44f18dc6add4dd14d057e6ad80aa05159acf3f9,,442-0;442-1;442-2
472,anshooarora/extentreports,refs/heads/master,73b3998eb68a659474d3ca9456a4557b711ec353,9b7a4a84ceb7154f7bb186a55a5ef2823d47cb89,0dce6fb40bf50aec7a1c684186cd385e6582a0f1,,472-0
479,anshooarora/extentreports,refs/heads/master,20ff2e293e12089b4f96b98404bce26d7e47d22a,04e49bd345a9a1aaf57121d872e311cfbe3112c1,63558f920144f81cdb7dfb2cdbe3978fb8bca368,,479-0
541,jfeinstein10/SlidingMenu,refs/heads/master,2d19a64f89c882bb5eacf2304637624c1c9b3d61,e44c1d3122d48269893c0d47f43dc4325d6a7321,72e2c9c43a021d929aabe8c19786982a47a75977,,541-0
553,jfeinstein10/SlidingMenu,refs/remotes/origin/pull/128,3ca3601bba143f5aa093d91a5eeac9fb04f5fcb3,d0a93bd3017c7f9fc1e569c89018037fa97112bd,71d057d4935b21a1e1685f9f777a8928aff3b1ae,,553-0
554,jfeinstein10/SlidingMenu,refs/remotes/origin/pull/128,3c8eef2beb7bb5f3d4c80c88393dc178c979390a,e4d3ce73ef396b71d77337549ab4f44ddf5e39d1,c3a47530d6b5f3eeaf20eedc3baa3dfa118e73ba,,554-0;554-1
556,jfeinstein10/SlidingMenu,refs/remotes/origin/pull/220,26474da05360ca7a6ec2de60664e2f6cdbd759bc,98b014aee3d27b4f4d3635cc4cfe496cc1a4bca9,c2ef025ca2e43ca46c15162c40ad67067fd53fdf,,556-0
559,jfeinstein10/SlidingMenu,refs/remotes/origin/pull/220,e785fb52a886cf9d1643299041a897dadeba76a9,68a38b9e575b1c494753c81fe3b8e690ba87ee7a,59dd35698943f61336e293964328965a55ae10e8,,559-0
560,jfeinstein10/SlidingMenu,refs/remotes/origin/pull/220,68a38b9e575b1c494753c81fe3b8e690ba87ee7a,0d8b4b9909dcf2a07b44934a60c52b089d78c5ca,13f0b276f51219408e00ada0421bdd9c4f3623d0,,560-0
561,jfeinstein10/SlidingMenu,refs/remotes/origin/pull/220,cac2a6c15a0c02dde1488a540bcee6bdb940cc1a,067009075d3fe31163d4f366cd100fc6fa19e895,eba555adef69ba0b5175f919167d3c021d9804a5,,561-0;561-1
577,aikuma/aikuma,refs/heads/master,7d583a168003b996f598994a6fb60c2cc61f1cab,91a9f4dcac955e1767f90fc1fbd0418fc0c669da,7c54ccc86d76f66de82ca87c7c2ad2bbc7b6934c,,577-0
596,aikuma/aikuma,refs/heads/master,9c3a645917ca072b379c8836b3acb8f66f7b1892,ec32e0729001110befb14bd3206f57d8b3048511,da7a9ba2a9b06058cb21b9a154936bf7eab0cb9b,,596-0;596-1
598,aikuma/aikuma,refs/heads/master,c1ec2822647ee9de29418cd22be68cdbc67f8e82,7ac84cf0ff8e0c62eb72a312364e9b526b15ec55,be1c3a478e385acf8bcfe1ffffee82d991ae5756,,598-0;598-1;598-2;598-3;598-4;598-5;598-6
599,aikuma/aikuma,refs/heads/master,7ac84cf0ff8e0c62eb72a312364e9b526b15ec55,14cf040492885855dc5af6eafbeba07d0a30ae84,68ac4e222b63e890932ff621b14f86440e8fad1d,,599-0
606,aikuma/aikuma,refs/heads/master,14cf040492885855dc5af6eafbeba07d0a30ae84,4ee2a7062de4b8ba30a405b48919ec3b3149d74b,14c411894735f6cf1cb35a84733f58f8e7b693b6,,606-0;606-1;606-2;606-3
616,aikuma/aikuma,refs/heads/master,f3d6443f92692a412590cbaf23c0be614bbcd30f,68d7bbff83b27050204e4bb7ec7fa76151fe7a4d,1958d48de3547a27a80524f8c97edc9d280cd48c,,616-0
631,aikuma/aikuma,refs/heads/master,6b179ff9d8bb039a29974b58e069458955841dbe,2b3b435f9eee7fef12d85f75d6339cddf764bf5d,2d24681a440f04001ded884eaac4018f2e095897,,631-0;631-1;631-2;631-3
646,aikuma/aikuma,refs/heads/master,0cbf19914a95c7ef2563137d3fe9654ccf7b138a,2e82162f2848c8178708788d5221dfec8ba134ed,c3576e5a9b2ba6434ccf405143b3f404f5cb834b,,646-0
661,aikuma/aikuma,refs/heads/master,8cf62de4270a5bf3d39f4022deaa985ca0c26479,e17975ecddba5ae70a5536c18e4b465f2808dfec,74e28f0874f8ad615c0f48096de15045af555923,,661-0
672,aikuma/aikuma,refs/heads/master,801c4c2c86f207c25ee89485f06b1bc76b9767c0,9ee87201c6d2b728a80d91365dd415226bb1fd36,ce25f0188346be64375fcef11b69cf20562e85a1,,672-0
676,aikuma/aikuma,refs/heads/master,92f5ad999f34e2c723b8a002370f9fe1d4e3f477,8614211fe84bca41a5318f34c40f3b40b1a25289,8b9a090060e204e266c76448306dc8155342143a,,676-0
677,aikuma/aikuma,refs/heads/master,c0d1c52b7658267412020daedc07cd452fa63764,13f1978d85dcfb3fbe61e11e9ea7efbd0a9df685,e3cf48c7d73799edb736dc80f17f298c911a8180,,677-0
693,aikuma/aikuma,refs/heads/master,6d0ccb0daf8b25549803fd0ef48ae087394b6512,6a2e92eac49fbbfecab9f6c89b2c6fa7d6cba541,4c10f3aaa72e3ab86fd95ade36f759f9c507b4ab,,693-0;693-1
695,aikuma/aikuma,refs/heads/master,5e73daff0bc46ff47b13bb66407da4ed828361d1,d6f713ad4c76e78bb417c6f2624871f618efd922,33c2950833d713ff482bbc982ef46b47fe25c76e,,695-0
699,aikuma/aikuma,refs/heads/master,46a8f1431a490061495d7184c5530c90f59008ce,301374a38177c92ead1fad00c48003ddf4939217,a124e618fe25cae05adba44f270f33517fc32b7c,,699-0;699-1
701,aikuma/aikuma,refs/heads/master,c93fe3aeb85323ec82cfd4a07903f9e5149d5339,2cb807c990708c841c75f0bd6f501d16cfe7b0ad,b79b36579b7472b55e9286475a7e77d4731b0463,,701-0;701-1
828,QuantumBadger/RedReader,refs/remotes/origin/pull/190,2982469bbe626934c985648c97e2e653a5f9188d,9f0a23912411181c03bf39630cbcede74832cf45,fd6b3d1b57a4a7d6e86802764045ab82c902a474,,828-0;828-1
830,QuantumBadger/RedReader,refs/remotes/origin/pull/190,ab0e27f7896221bc8cc4b2008e713fa1f86db985,132d98555b80fa218498df4ab88beff390693e98,a4eda6ad86d9894368c329e2717e2da619ab44eb,,830-0
838,QuantumBadger/RedReader,refs/remotes/origin/pull/478,c0ecd6d739bf6c742bc4089d1c2dff7b8744b00b,8ff8e7e3995f6e46ebce3cab814ce4bc6c07fbb4,4f551ceab239299b7480ddd2b5ca0151a5335f88,,838-0;838-1
852,QuantumBadger/RedReader,refs/remotes/origin/pull/766,a4b0601f036b8c301f56f744b44f40c9aef3a5a8,6b791954a4a2e9e323698086f7f2448c83c09f00,590f8da433df73a99bafc6bc3e448a15b23273cc,,852-0
855,QuantumBadger/RedReader,refs/remotes/origin/pull/778,afb6e10e5aea892eb3f52b411912b88d221412d3,544dc44fd60cf9e7e804b989544af5c1cd5b0f12,6844c38cdce10241402891eb6b07c8b685352ea3,,855-0;855-1;855-2
858,QuantumBadger/RedReader,refs/remotes/origin/pull/800,a7327fe6588ecba8fa4c501ac6bc2f893dd820e4,a1711698291b7c34c61baa63e8230df80e18faff,bad55f7218eb2626e97e2d8a2f5da775adfcef3e,,858-0
859,QuantumBadger/RedReader,refs/remotes/origin/pull/804,8e4f885089fb236ae1d2e59f9b855fad6bed92d3,5ff0188e36291f7de8ac6af82d672175eeee77f5,a9ec99cab1851e4c977f4e32fc794f28e99d62f2,,859-0;859-1;859-2
861,QuantumBadger/RedReader,refs/remotes/origin/pull/816,ad9babd81993a3983da5ea35fd7ce69f07723e44,c7dceab35885f984d00fa08a40c59e07f63c73af,2a9883277bef17f4d67dd5c6b6b429c7456146ff,,861-0
863,QuantumBadger/RedReader,refs/remotes/origin/pull/888,357da547fcc08dd78bdde8c47bbedf275bd16a46,ff3c1ff08c6a32714127d56ce3f47e4be7c107ae,26363f51364b62fabc9154ff75ce5fd04c4c1805,,863-0;863-1;863-2;863-3;863-4;863-5;863-6;863-7;863-8
871,QuantumBadger/RedReader,refs/remotes/origin/pull/888,388de93a1547e7eea6bef9f7b705d2b2af2fc05b,1895ab5e8554408a3b9617bcfdad30bd3086c724,5d246b6eb77093c6b59110948a704963fd373d34,,871-0
873,QuantumBadger/RedReader,refs/remotes/origin/pull/890,f128c18bcc66d2791653fd167339ef8e3f67afd1,a2b201d283c5fb79884f9c33079a2c51e70fced9,aa83b9e1d1ad6feefb35f171f9fb1d69b959b986,,873-0
874,QuantumBadger/RedReader,refs/remotes/origin/pull/893,734dda505f13e55be7dc2e36c764ad4f8135e10c,7de37c9fdf15542fc7ac05fa456380c75ef5cb70,4db4b6b74cc02211ad564f63f71344d39ecb08c1,,874-0
892,QuantumBadger/RedReader,refs/remotes/origin/pull/961,eba84bf96ba1ce06767b65b7efb643d85b83f0f5,42623f3c77e958d5a6dbd555e375f4c94095bf06,e3bc334bae854fa5b5e17aec3cd3fbff93f595bd,,892-0;892-1;892-2;892-3;892-4;892-5;892-6;892-7;892-8;892-9
1328,square/moshi,refs/remotes/origin/pull/1102,df3ac79bf199d0989903b7bb727028b11186105a,dc15dc1dfa7632a554dc9603b9314ec9053f55cd,97c98aea3b024744cacbda2a9b50f178aa780d45,,1328-0
1367,square/moshi,refs/remotes/origin/pull/501,079001cb6d4ba14ae247744c4a3cd35f7bda7c3e,92d5dc25b96a59d2a57a424d19b4b0c2687d7282,3a2367036c9fbdbefcec12964ba1144b53f4f2dc,,1367-0
1372,lwhite1/TableSaw,refs/heads/master,68f967133364244b0238c0ccf7c38f6357e490f1,d0b634badf48029428b7f8d90bb3592e5cb76764,a7f0afe85806a63e842491f79028f1a00e971acb,,1372-0
1381,lwhite1/TableSaw,refs/heads/master,ea0eccc3113ce5b38b3a65ba07445ded75467708,bbe3dad7f98e1563e7cbe4086a006a3f09d9d729,319a4d9c31ad65e14eb297cbd1204929fc132d44,,1381-0;1381-1;1381-2
1382,lwhite1/TableSaw,refs/heads/master,107b41139ec9db652d16c15a42367f74ce58b82e,987892f92e263671483f5ee0745f244715049728,e93cc18330e74740a41a7c313a9ea226a5d2a3e3,,1382-0;1382-1;1382-2;1382-3
1386,lwhite1/TableSaw,refs/heads/master,6157bb173802d2260d44ae854be0c9670b29d3ad,340fa12260f7caa928dea4976f5602de40ae4269,31c241fdea7ea5aee7c6d58aef849ba42dc07023,,1386-0;1386-1;1386-2
1388,lwhite1/TableSaw,refs/heads/master,a804712ba36f97c49fed2a17aa1b4a25a7192ab7,d2d0a9dfdaf467f74758aba16d332d393597988d,4ca47a2339572d58488b6b579115b361e890cc99,,1388-0
1408,lwhite1/TableSaw,refs/heads/master,d2efb576330f7cfe02aaca69865b6c4487e8f065,7494f39fb8d1e63e460ed46b0bac08dbfc405b0b,6d28266a122a38df7acdddba3cb08642e730dfea,,1408-0;1408-1
1412,lwhite1/TableSaw,refs/heads/master,90615e71e5765cd04d61d663390091c1aa2f3be2,482b487825368935feb44c47ea75f2a52938aa05,88405cae0aa135ca29c442767baec9efc4ca7c35,,1412-0
1415,lwhite1/TableSaw,refs/heads/master,a1b311cce09601340d95d6b088a519bc35f340f0,0ba918a932884f784725fc0703a141ce0c62c317,04c2342d9d3080ad86ad38ad78faf4ce32f9b5db,,1415-0;1415-1
1417,lwhite1/TableSaw,refs/heads/master,55d69f1bca201f99c716c4d345375d4e5a1f9add,99819c996956de096eb6a0fcc9902d03dddaab53,2d6f9938d3318a5eeeb82d95088e82203abddfb7,,1417-0
1425,lwhite1/TableSaw,refs/heads/master,b8a0ce655552c6b451028fff7b3a74a509de6346,1133390ce71ce0099a65747f1db9d713171870e0,9c7c7b493b9ba7f2cde65aceb07ec5a6392a8f08,,1425-0;1425-1;1425-2
1432,lwhite1/TableSaw,refs/heads/master,f45ca0b54e3fcacdeb89e1a8184dea1f776ceb09,24915c6662df81a09e4ce4f8e5ddf87e77710541,3f8fd8ebe7c0f4869c4d3d6dd4fa65883be483e0,,1432-0;1432-1
1471,lwhite1/TableSaw,refs/heads/master,c8364571e9918f9a1775de200f32f20f0b3e977f,85c48aff0aad1e09c03a1891158929609e3892e0,569329d883a01a50477f5c825b132fcfca0e9d40,,1471-0
1480,lwhite1/TableSaw,refs/heads/master,a0ae2559f57e22d515cba5d7a68ab70689bf2cd0,25db0a672b70dfbcb6d595e707bb76edd9e4c37d,3508001d0704fedd5d0aa0f736d43c6027c8ac24,,1480-0
1513,lwhite1/TableSaw,refs/remotes/origin/pull/150,2f258f2d896b7f59de0a7dde4a75a6ee15a9ae92,19ccbd8373fd5c237ecf6c9d9bb184d9ed0913a1,0e636e90144b66cde1dee3d6d9d05f99eaaea2b1,,1513-0;1513-1
1514,lwhite1/TableSaw,refs/remotes/origin/pull/19,40b32070f64da6360a6cd5fcb86b4c519d45ad2f,dffa24bc5fc054fe4a7d3d4137c3a3187726b67c,d8953e8f8df3122fa380e7f0af6e30b03b32ec69,,1514-0;1514-1;1514-2;1514-3
1517,lwhite1/TableSaw,refs/remotes/origin/pull/328,69570b96e4d30a0dfda286b42478df8c7ee888d6,4f3b74aaab90fb27a47533a320ba8401e49a807c,60c098241fd7001ce290c8dd99fd53a085f0b77e,,1517-0
1518,lwhite1/TableSaw,refs/remotes/origin/pull/338,436f7cfe5ecfe763e7a45ce6745f1d1c52133d22,6e167b15fdeba936874662d6ccc6b0ae0a4ec6b8,03213c8c3ae8e233dc5e115bae6cdb049e8df71d,,1518-0
1525,lwhite1/TableSaw,refs/remotes/origin/pull/377,9a52d00511a6f7b1aae615e9f8bbea3e8a68b05c,72e79f379647a7eb09b6116ae0fd74d5e2170e8f,58a8c16bd6a2443743d15416fa58b210ed6b49b9,,1525-0
1526,lwhite1/TableSaw,refs/remotes/origin/pull/377,4c7711f268d8e23009c13d95619f1784a13e97b0,f0386254af997b2d8ec7fb3d649d6dc6a3394df5,beaaae9b9c0447ea766d03341b981e1942fb6a25,,1526-0;1526-1;1526-2
1529,lwhite1/TableSaw,refs/remotes/origin/pull/400,e2efb7f50ba0ce4c8eb882ffab364add1e9c2446,87831363aea537835c42c713a23faf0aa0a51d41,747ac9ca31bac78408cacdab44d94c8d016eefe1,,1529-0
1533,lwhite1/TableSaw,refs/remotes/origin/pull/478,876921d52ec8d136cb9a454d87e88670d5fd06d2,62fb4babe5f6e391505c2aeb56c5f6d0620d2d8b,0bb9fdc0dc2ccfa31c9a51db4be48115d9a86b3d,,1533-0
1537,lwhite1/TableSaw,refs/remotes/origin/pull/548,81525146a0c2c139a353f623350c7198264cb353,e054d02621af1ad72980fd926dc526357022b66c,5da080e22eff3ff96f25be4fd1f85ba342794d9f,,1537-0
1538,lwhite1/TableSaw,refs/remotes/origin/pull/562,880dfde1c707100336de1c52e326a9087c9eacff,c2b059b45c8d49fedadfa5751ea53a35f8bccde5,6d104c49f62b776fa60270547eb2192e107b0fb1,,1538-0
1539,lwhite1/TableSaw,refs/remotes/origin/pull/589,a381dbb146090323ee9fbb78a014b0fcb0503542,b88036ea4339eb034977db9f8379843680cc5a16,dfd1f92075d526439bc81de5e4922a6c7e292eec,,1539-0
1540,lwhite1/TableSaw,refs/remotes/origin/pull/599,5976516d42d1f10f4a41077d4530f707228d566b,a22938ef30d6505a74311c37b4c077098e3288a6,ca635d8b20e0d8080ef5680960c8d74302b36c75,,1540-0
1553,lwhite1/TableSaw,refs/remotes/origin/pull/68,3531d7970110473309e95ac87f5545131c7d2be8,1ca480ce154586d1d41e2f74c876208c79b3ca62,3d81f404d9da56f6b57f5241e2436b7b205b9b30,,1553-0
1554,lwhite1/TableSaw,refs/remotes/origin/pull/68,138df5c86092ef67b4e673563e06a55073555d4f,9960f89fe413e567c011ec0dc4e1e275139b9d54,3595f3fc92e2e35783a69f42dc8dd0d287ef9b07,,1554-0;1554-1
1557,lwhite1/TableSaw,refs/remotes/origin/pull/690,abacc507bee8e4090e6baa97eb0fc23669606f36,4a05381efb6a43817bfe3d1efeb6585d7cd793b5,d0d33d111948b494ddd29fe547fbff2e4903b31c,,1557-0
1566,lwhite1/TableSaw,refs/remotes/origin/pull/787,d59975a4ffc8ec0f8bd8159331fcdf3d8362091c,2d0be96069f19acef345ea535e09d403ea2c9b34,b5f296f22761b34a957899cec52e7c3990295c50,,1566-0
1567,lwhite1/TableSaw,refs/remotes/origin/pull/819,c01474eb82afe04a97e1cd538734c9cdfa1806fd,e7aa5aea9c0dc6cc998a9425a17a1907bb9ad1af,b1986e17676982b857554ca51db863d5d7bff674,,1567-0
1569,lwhite1/TableSaw,refs/remotes/origin/pull/824,e3b8f2e16226b273abfa2a4140aa18bff857945f,2824add7c1647aaf5a2205cff21ed205f5cfd22d,c21b21f68346b9a8afbce8edd340939e0a3d2102,,1569-0
1570,lwhite1/TableSaw,refs/remotes/origin/pull/876,46f82befab86e75d5a39c6eb899d05530cb97a8b,97ad0de158988962530d62aee4ecb012a920e8a6,96c2729348064ec55d94ebc4365938bc0ac713dd,,1570-0
1571,lwhite1/TableSaw,refs/remotes/origin/pull/906,6acadbb069debe0ddbd13f669a923dac0e142a72,adde874fcb2826c5b35951ad267ea9a4ecf30fc4,16147ed1bc7cd88b5736e83fa2cf45d78fa40c38,,1571-0
1573,lwhite1/TableSaw,refs/remotes/origin/pull/909,d41585937ad9cf8cf53fa2704eb2a1f6d7533288,a90c22297062cee587e3bbca5a0b73c676d632c5,d092ae5397a8a0f3e808b8537a08941ec5b850e6,,1573-0;1573-1;1573-2
1574,lwhite1/TableSaw,refs/remotes/origin/pull/918,14e66b536e192466f42286e6423390de0d8121b5,1ae834220f4dfedc002b711ee7b35347fb6fcab2,74a54aa573a0a881add7a637a4d5f80941520d2e,,1574-0
1575,lwhite1/TableSaw,refs/remotes/origin/pull/931,42404075c175e94f9f3f417ff74c97725ca64c36,ae68fc7a7bce141fe1e3cd1ee0aa7b81a95e1dde,126b0bc818ba32e6123c15f0c6c52c1c110022a1,,1575-0
1576,lwhite1/TableSaw,refs/remotes/origin/pull/940,465a1ec59a05abacc432f8208f03fee9d72cdefa,4d0b9abbf656977a92b5be419a36e7a77005cb2c,bd5ea39061a6c35c3928c71e31f82b2e28d77402,,1576-0
2712,GoogleCloudPlatform/appengine-java-snippets,refs/heads/main,dbe274fd6d68a5df91e6545068678cfd2afdbbec,c701f29f23bb8430e0b0023b1c9e82bf08075d71,d407c61e13aae6ccf96b3b95064e9d429e844a4c,,2712-0
2739,GoogleCloudPlatform/appengine-java-snippets,refs/heads/main,3b1490f8773c05957d6ba299ce61359c15b20695,e3bb44a2532b7720ad60a64862709c93518c04c6,4d98005d3073deafb0903bebdd1ad3fb5d247238,,2739-0
2939,GoogleCloudPlatform/appengine-java-snippets,refs/heads/main,9a2b0e73453b33b129adbf7c5063516e77b5a7f9,abdf69a10535c08c3bdde5dd68a962d685fd88b2,9747002866da780f34adefb195ff67b0a1c2c9cd,,2939-0;2939-1
3003,GoogleCloudPlatform/appengine-java-snippets,refs/remotes/origin/compute_instance_template_not_consume_reservation,4d7c2a6bfa8532cbdb0e57f061f439ba872bed98,90bbb41539090ff3d5e64ceea9ffe16fe52c9bfe,c617f2afce89263b230a9953edd7a3addf630321,,3003-0;3003-1;3003-2
3011,GoogleCloudPlatform/appengine-java-snippets,refs/remotes/origin/compute_reservation_create_shared_new,d21c31a31c76a1505fcd4dc104f0812f200ee599,31f088cd42b0fc20663a7f19683c5c3e0457c629,ba36764cb88c00221d06e32907057401b93c0350,,3011-0;3011-1
3013,GoogleCloudPlatform/appengine-java-snippets,refs/remotes/origin/compute_reservation_create_shared_new,0ebca92650da6a74689d9f49b31e8bbc1e0fc8bb,6f875d6501088ee0e0328a2eaff8e16f08a2e7f5,81d0cbc6c5e6d01393124c575f7a8eb31e70a1ef,,3013-0
3023,GoogleCloudPlatform/appengine-java-snippets,refs/remotes/origin/ludo-java21,726704bfbaf1ea5dc57d3d27e13aeb84ca3486bd,007a7416ea384631645570dda0e8ea938f151b7f,8622af101190641f31a48d4aefbca18f38c4fa7a,,3023-0;3023-1
3067,GoogleCloudPlatform/appengine-java-snippets,refs/remotes/origin/pull/1036,933fe44d2c62575beffb77b4cd6740357ff99261,fb401067a3205ff1199d506e4b7da5d0161425ee,1a8fdc6fb89448811c16c4b30500330b6125e123,,3067-0;3067-1;3067-2;3067-3
3068,GoogleCloudPlatform/appengine-java-snippets,refs/remotes/origin/pull/1036,66d0618ef2df78aa67badb59ae3dc60467954d3b,9cb272fc580c728a4f4eed1e6eed93e2288cdd82,090a336e35a2a59539fae8b363007660ca982a43,,3068-0;3068-1
3073,GoogleCloudPlatform/appengine-java-snippets,refs/remotes/origin/pull/1054,163ea315fe0dfee6412642eae3e346353bd94242,d2ffe3b69a38632a71355e4b6a32e0904391e183,7ce4dbce64cb0915bf7f9dbb17ff7dcbce24ec53,,3073-0;3073-1
3188,GoogleCloudPlatform/appengine-java-snippets,refs/remotes/origin/pull/1166,d10c9112335db02a4956d2bbefeff929c4791ded,9a04af14a864629dbac470de8104bc7a94f8e220,7d03cf81327dc49467a3b2eb6da433489790147e,,3188-0;3188-1;3188-2;3188-3;3188-4;3188-5;3188-6;3188-7;3188-8;3188-9;3188-10;3188-11;3188-12
3313,GoogleCloudPlatform/appengine-java-snippets,refs/remotes/origin/pull/1327,f3e62372ccad703a973f410bcc22667978a79082,662f6f80e46d40c282704cc038362a211b6d6a6b,c865114f8103ce4fad3fbd92d7333e4c6a74692a,,3313-0
3315,GoogleCloudPlatform/appengine-java-snippets,refs/remotes/origin/pull/1327,d32c1025303ca7ee5345bc03b4f64ad9e2fddd94,4e6df0fa2b12cc76bfc4bb798884d453d3500b35,dec906eda63efa1f76dec2cd35b4155a6351c3ed,,3315-0
3330,GoogleCloudPlatform/appengine-java-snippets,refs/remotes/origin/pull/1336,972b6b03bd475e5817e4a60866c21dfc311bd955,4b55ba305a2819b2f409b3166f4ba73a3a2081e1,36a3a1e3d71ae288b2e17c6c2c43dd88eed991ff,,3330-0
3332,GoogleCloudPlatform/appengine-java-snippets,refs/remotes/origin/pull/1336,36a3a1e3d71ae288b2e17c6c2c43dd88eed991ff,289942d16cec3739e9c6dd6ab2ddc0339ce61de6,890af88e2d073fa430e601b031262a9161c72df2,,3332-0
3497,GoogleCloudPlatform/appengine-java-snippets,refs/remotes/origin/pull/1445,1c226f89d12a98a37c719b37df5da0c3f8889e1d,32135e0e11e88a8f903693e8c2d57b39dca98f66,1a491c8fa43a7c3724c8e28535ea31c231c4e238,,3497-0;3497-1;3497-2
3500,GoogleCloudPlatform/appengine-java-snippets,refs/remotes/origin/pull/1451,0d3dceee545c6b80b9bda65c55527caa6411db0c,a2e7688d9b8ad9a7abe91e1c69c5eaf095501649,81243cb46e3ea02a177dfb3fc04d60def6202138,,3500-0
