idx,repository,language,architecture,community,continuous_integration,documentation,history,issues,license,size,unit_test,stars,scorebased_org,randomforest_org,scorebased_utl,randomforest_utl
1845914,apache/pig,Java,0.995745,7,0,0.185227,37.036366,0.309091,1,368774,0.390792,407,1,1,1,1
1248425,flavienlaurent/poppyview,Java,1.0,2,0,0.024017,1.133333,0.533333,1,491,0.0,406,0,0,1,1
1849298,eclipse/egit-github,Java,0.978979,2,0,0.396426,4.236842,0.394737,1,26403,0.32033,406,1,1,1,1
1645878,angryziber/ipscan,Java,1.0,2,0,0.232464,4.556962,0.341772,1,16762,0.25502,406,1,1,1,1
532469,drakeet/Seashell-app,Java,0.933333,1,0,0.098558,15.666667,2.166667,1,3490,0.0,406,0,1,1,1
1081528,yahoo/samoa,Java,0.990712,5,1,0.350659,27.0,9.285714,1,27852,0.064897,405,1,1,1,1
1846118,johnnylambada/WorldMap,Java,0.714286,3,0,0.228768,4.0,0.28,1,1008,0.0,405,1,0,1,1
268213,Musenkishi/wally,Java,0.975904,1,0,0.211972,6.333333,1.0,1,12348,0.0,405,0,1,1,1
570992,christophesmet/android_maskable_layout,Java,0.5,1,0,0.05604,0.0,0.0,1,846,0.0,404,0,0,1,0
1157143,MarkMjw/PullToRefresh,Java,0.875,2,0,0.167027,1.470588,0.352941,1,1701,0.0,404,0,0,1,1
921726,anupcowkur/Reservoir,Java,0.909091,1,0,0.134846,4.3,1.4,1,923,0.0,404,0,0,1,1
1726310,nzakas/cssembed,Java,1.0,2,0,0.390942,2.615385,1.692308,0,1829,0.130435,403,1,1,1,1
683095,caoxinyu/RedisClient,Java,0.957672,1,0,0.028437,26.0,1.5,1,13679,0.024666,402,1,1,1,1
553538,pavlospt/CircleView,Java,0.75,1,1,0.166924,42.0,8.0,1,720,0.0,402,1,1,1,1
352122,StanKocken/EfficientAdapter,Java,0.785714,1,0,0.196732,13.0,5.0,1,1466,0.0,401,0,1,1,1
1743837,belaban/JGroups,Java,0.988906,2,0,0.125581,130.731888,1.521739,1,123001,0.275127,401,1,1,1,1
600104,antoniolg/RecyclerViewExtensions,Java,0.7,2,0,0.234012,2.5,2.5,1,1683,0.0,401,1,1,1,1
1744130,korovyansk/android-fb-like-slideout-navigation,Java,0.666667,1,0,0.010025,0.478261,0.652174,1,399,0.0,400,0,0,1,1
1748086,ChainsDD/Superuser,Java,1.0,1,0,0.242147,7.269231,1.346154,1,34396,0.0,398,0,1,1,1
1744455,tomahawk-player/tomahawk-android,Java,0.992063,1,0,0.223392,50.5625,0.25,1,41551,0.0,398,0,1,1,1
1695199,kohsuke/hudson,Java,0.943848,6,0,0.340204,24.095238,0.142857,1,194513,0.220074,397,1,1,1,1
1180108,spring-projects/spring-data-book,Java,0.814126,2,0,0.262038,14.285714,1.142857,1,13285,0.198232,397,1,1,1,1
1748620,Netflix/blitz4j,Java,0.9,4,0,0.364461,3.62069,0.413793,1,2422,0.112181,396,1,1,1,1
1353282,stuxuhai/jpinyin,Java,1.0,2,0,0.341463,0.444444,0.166667,1,310,0.0,395,0,0,1,1
903389,java8/Java8InAction,Java,0.83908,2,0,0.04512,5.4,0.2,1,3150,0.0,393,1,1,1,1
712618,andraskindler/parallaxviewpager,Java,0.0,1,0,0.245714,4.625,1.125,1,202,0.0,392,0,0,1,1
1799726,kenumir/android-calendar-card,Java,0.833333,1,0,0.051768,2.0,0.25,1,777,0.0,392,0,0,1,1
1269107,dlazaro66/QRCodeReaderView,Java,0.875,1,0,0.294251,1.25,0.45,1,1190,0.0,392,0,0,1,1
1848184,flori/json,Java,1.0,3,1,0.118192,8.921875,3.84375,1,13402,0.0,392,1,1,1,1
1573367,InQBarna/TableFixHeaders,Java,0.416667,1,0,0.137166,10.3,7.4,1,1545,0.0,392,0,1,1,1
99089,OAuth-Apis/apis,Java,0.974138,5,0,0.177262,5.263158,0.368421,1,37103,0.257188,391,1,1,1,1
791354,lafosca/AndroidFaceCropper,Java,0.6,1,0,0.093664,5.25,1.75,1,743,0.0,391,0,0,1,1
429924,fesh0r/fernflower,Java,0.971311,3,0,0.142796,16.916668,0.083333,1,29900,0.009346,391,1,1,1,1
1287909,atermenji/IconicDroid,Java,1.0,1,1,0.129336,2.08,0.64,1,1781,0.0,391,0,1,1,1
1852170,restlet/restlet-framework-java,Java,0.974286,5,1,0.51497,39.955555,22.133333,1,257692,0.042442,391,1,1,1,1
1744791,internetarchive/heritrix3,Java,0.991039,6,0,0.297379,17.170214,2.425532,1,74594,0.072707,391,1,1,1,1
1678546,OpenConextApps/apis,Java,0.974138,3,0,0.177262,11.65625,2.21875,1,37103,0.257188,391,1,1,1,1
1718587,infinitest/infinitest,Java,0.97271,1,0,0.400512,4.229167,2.791667,1,21010,0.493704,391,1,1,1,1
967907,castorflex/VerticalViewPager,Java,0.8,2,0,0.155687,1.777778,1.777778,1,2608,0.0,390,0,0,1,1
1344415,andraskindler/quickscroll,Java,1.0,1,0,0.060865,4.111111,0.444444,1,1920,0.0,390,0,1,1,1
1349253,wsieroci/audiorecognizer,Java,1.0,1,0,0.190231,0.75,0.166667,0,630,0.0,390,0,0,1,0
635224,Manabu-GT/EtsyBlur,Java,0.8,2,0,0.14919,2.777778,0.555556,1,1175,0.0,390,1,0,1,1
1747784,4thline/cling,Java,0.990148,2,0,0.250853,5.536585,2.536585,1,63716,0.177766,390,1,1,1,1
515436,jerrellmardis/Amphitheatre,Java,0.985507,3,0,0.197338,23.4,9.8,1,7350,0.0,390,1,1,1,1
1704116,ragnraok/android-image-filter,Java,0.92,1,0,0.145625,7.722222,0.777778,1,2777,0.0,390,0,1,1,1
1566152,andot/hprose,Java,0.993377,1,0,0.222086,7.565217,0.521739,1,39327,0.0,389,0,1,1,1
1711511,kohsuke/args4j,Java,0.973154,3,0,0.246258,6.439394,1.681818,1,5822,0.143786,389,1,1,1,1
1707190,ajanata/PretendYoureXyzzy,Java,0.973684,1,0,0.150893,11.421053,3.657895,1,45997,0.043927,389,1,1,1,1
1361456,square/otto-intellij-plugin,Java,1.0,4,0,0.0463,1.681818,0.818182,1,2237,0.0,388,0,1,1,1
285348,rohaanhamid/ScrollableItemList,Java,0.5,1,0,0.091681,0.0,0.0,1,608,0.0,388,0,0,1,0
293027,inaka/galgo,Java,1.0,3,0,0.303951,27.666668,7.0,1,316,0.0,387,1,1,1,1
1849715,schaloner/deadbolt-2,Java,0.0,1,0,0.0,3.451613,1.83871,0,0,0.0,387,0,0,0,0
1663517,megamattron/SplinterNet,Java,0.88,2,1,0.132586,1.166667,0.5,1,4484,0.011689,387,1,1,1,1
1163978,mobsandgeeks/adapter-kit,Java,0.764706,1,0,0.291318,9.0,4.5,1,1135,0.0,387,0,1,1,1
1846742,nodebox/nodebox,Java,0.985965,2,1,0.137289,19.355556,4.177778,1,34429,0.126443,387,1,1,1,1
1808164,spring-projects/spring-social-samples,Java,0.888158,2,0,0.184485,2.74359,0.538462,1,14847,0.0,386,1,1,1,1
1791851,brooklyncentral/clocker,Java,0.941176,1,1,0.256037,60.0,6.75,1,57613,0.092762,386,1,1,1,1
1847762,aritter/twitter_nlp,Java,0.998471,4,0,0.088918,1.410256,0.205128,1,587044,0.120771,385,1,1,1,1
1849016,kevinsawicki/wishlist,Java,0.785714,1,1,0.5,5.666667,0.541667,1,1693,0.094164,385,1,1,1,1
916160,spring-projects/spring-data-examples,Java,0.928205,3,1,0.397092,13.428571,5.428571,1,7469,0.433928,385,1,1,1,1
346723,hansenji/pocketknife,Java,0.96875,2,1,0.114306,11.833333,0.333333,1,6419,0.218758,385,1,1,1,1
1626343,OpenTSDB/asynchbase,Java,0.986842,2,1,0.375099,7.0625,2.125,1,15744,0.361827,385,1,1,1,1
1850799,caelum/vraptor,Java,0.976778,8,1,0.278561,22.636906,3.994048,1,35456,0.484474,384,1,1,1,1
1845715,prefuse/Prefuse,Java,1.0,4,0,0.394373,0.965517,0.896552,1,42498,0.04356,384,1,1,1,1
267643,GavinCT/AndroidMultiChannelBuildTool,Java,0.0,1,0,0.319588,0.0,0.0,1,190,0.0,384,0,0,1,0
1353965,PayPal/PayPal-Android-SDK,Java,0.5,3,0,0.255132,4.727273,7.318182,1,2731,0.0,384,1,1,1,1
303234,google/uribeacon,Java,0.933333,2,1,0.246335,109.800003,42.599998,1,18370,0.129547,382,1,1,1,1
580616,lenskit/lenskit,Java,0.878415,1,1,0.392309,65.881355,1.932203,1,49748,0.266154,382,1,1,1,1
1289975,Vektah/CodeGlance,Java,1.0,1,1,0.266997,4.894737,3.842105,1,1664,0.081254,381,1,1,1,1
1665851,WhiteHouse/wh-app-android,Java,0.980392,3,0,0.261367,3.0,2.5,1,5294,0.0,381,1,1,1,1
1844248,freezy/android-xbmcremote,Java,0.941304,4,0,0.349412,4.970588,3.382353,1,55984,0.0,381,1,1,1,1
1279835,SpigotMC/BungeeCord,Java,0.986842,3,1,0.153335,56.068966,32.551723,1,14319,0.042379,381,1,1,1,1
438834,InstantWebP2P/node-android,Java,0.981595,1,0,0.245108,41.5,2.0,1,35320,0.068077,380,1,1,1,1
1844628,gitgrimbo/android-sliding-menu-demo,Java,0.9,3,0,0.332524,1.1,0.3,1,825,0.0,380,0,0,1,1
1742322,telecapoland/jamendo-android,Java,0.982759,5,0,0.278235,5.1,1.2,1,11854,0.0,379,1,1,1,1
1851298,ruboto/ruboto-irb,Java,0.902439,1,0,0.121845,8.571429,0.55102,1,13305,0.034932,378,1,1,1,1
1113815,inmite/android-grid-wichterle,Java,1.0,2,0,0.24194,4.666667,1.333333,1,2781,0.0,378,1,1,1,1
1506363,cfregly/fluxcapacitor,Java,0.769231,1,0,0.22953,6.833333,3.333333,1,3295,0.011689,378,1,1,1,1
1846591,devunwired/custom-touch-examples,Java,0.875,1,0,0.205345,1.117647,0.058824,1,1167,0.0,378,0,0,1,1
1723913,ushahidi/SMSSync,Java,0.975728,1,1,0.190493,22.625,4.791667,1,22780,0.040047,378,1,1,1,1
1177533,dschuermann/html-textview,Java,1.0,1,0,0.270987,1.111111,0.388889,1,575,0.0,378,0,0,1,1
553235,JorgeCastilloPrz/ExpandablePanel,Java,0.555556,2,0,0.079137,8.5,0.5,1,1627,0.0,377,1,1,1,1
100633,guardianproject/android-ffmpeg-java,Java,0.9,2,0,0.207462,2.793103,0.034483,1,1953,0.151753,377,1,1,1,1
330893,bingoogolapple/BGABanner,Java,0.666667,1,0,0.058594,1.5,0.5,1,923,0.0,377,0,0,1,1
438112,fengdai/AlertDialogPro,Java,0.684211,1,1,0.14267,22.5,7.333333,1,4211,0.0,377,1,1,1,1
537461,AlbertGrobas/PolygonImageView,Java,0.5,1,0,0.295008,0.428571,0.0,1,594,0.0,376,0,0,1,1
1849938,lorensiuswlt/NewQuickAction3D,Java,0.833333,1,0,0.206983,3.0,2.5,1,1078,0.0,376,0,1,1,1
97703,speedment/speedment-orm,Java,0.985455,2,0,0.385007,89.5,0.0,1,11108,0.028684,376,1,0,1,1
1619241,kenglxn/QRGen,Java,0.928571,3,1,0.178218,5.210526,1.184211,1,1522,0.404888,376,1,1,1,1
448341,venmo/tooltip-view,Java,0.6,2,0,0.058544,2.0,1.5,1,686,0.196226,376,1,0,1,1
432025,percolate/caffeine,Java,0.761905,2,0,0.19459,18.0,4.5,1,5855,0.513699,375,1,1,1,1
1848402,pmuellr/weinre,Java,0.0,1,0,0.0,4.580645,0.032258,0,4,0.0,375,0,0,0,0
1852024,twitter/twitter-text-java,Java,0.0,6,0,0.0,6.452381,1.928571,0,2,0.0,375,0,0,1,1
1567130,sgolivernet/curso-android-src,Java,0.571429,1,0,0.17964,3.666667,0.5,0,63209,0.0,374,0,0,1,1
1524776,maarek/android-wheel,Java,0.92,1,0,0.31973,0.0,0.0,1,2325,0.0,374,0,0,1,0
1590737,Goddchen/Android-Gradle-Examples,Java,0.3125,1,0,0.053991,0.708333,0.083333,0,581,0.0,374,0,0,1,0
1426791,Splitter/android_packages_apps_apolloMod,Java,0.970297,1,0,0.16909,4.230769,0.846154,1,15477,0.0,374,0,1,1,1
1809113,apache/aurora,Java,0.987685,5,0,0.252737,103.0,0.0,1,203484,0.459156,373,1,1,1,1
1571762,Netflix/Turbine,Java,0.852941,4,1,0.215903,4.885714,1.971429,1,3154,0.403659,373,1,1,1,1
1847322,nadam/nfc-reader,Java,0.857143,1,0,0.281585,1.230769,0.576923,1,671,0.0,372,0,0,1,1
508545,xiprox/WaniKani-for-Android,Java,0.993377,1,0,0.088039,22.0,0.222222,1,20484,0.0,372,0,1,1,1
1042943,tdunning/t-digest,Java,1.0,1,1,0.026575,9.866667,3.133333,1,44444,0.437824,372,1,1,1,1
1845989,MiCode/SoundRecorder,Java,1.0,2,0,0.162135,4.0,1.0,1,2496,0.0,371,1,1,1,1
1724242,talklittle/reddit-is-fun,Java,0.933333,1,0,0.153767,2.230769,5.192308,1,14273,0.004735,371,1,1,1,1
700211,TaurusXi/GuideBackgroundColorAnimation,Java,0.5,2,0,0.102273,0.0,0.0,1,704,0.0,371,0,0,1,0
1729865,FlowingMedia/TimeFlow,Java,0.992424,2,0,0.029719,0.0,0.0,0,11133,0.0,371,0,0,1,0
910638,JakeWharton/double-espresso,Java,0.945055,3,1,0.172133,6.071429,1.714286,1,83769,0.140778,371,1,1,1,1
144605,google/google-http-java-client,Java,0.819728,3,1,0.357238,3.0,0.177778,1,28583,0.339384,370,1,1,1,1
1171383,myui/hivemall,Java,1.0,1,1,0.200693,50.176472,10.294118,1,16918,0.103288,370,1,1,1,1
1233346,PaulTR/AndroidDemoProjects,Java,0.753695,2,0,0.046684,8.368421,0.315789,1,12358,0.0,370,1,1,1,1
1403052,ManuelPeinado/ImageLayout,Java,0.846154,1,0,0.226212,4.0,0.333333,1,1134,0.0,370,0,0,1,1
1685565,square/pollexor,Java,1.0,1,1,0.211159,3.939394,0.848485,1,1766,0.513957,370,1,1,1,1
1187441,kolavar/android-support-v4-preferencefragment,Java,0.6,7,0,0.280044,1.529412,1.117647,1,699,0.0,370,0,0,1,1
1728249,fusesource/mqtt-client,Java,0.921053,1,0,0.208495,3.277778,1.083333,1,4522,0.05808,369,1,1,1,1
1846996,airlift/airline,Java,0.972603,4,1,0.142786,2.638889,1.0,1,5361,0.343713,369,1,1,1,1
912893,jbake-org/jbake,Java,0.959184,5,1,0.150104,8.5,5.590909,1,5170,0.351562,369,1,1,1,1
23801,rizhilee/Beautyacticle,Java,0.915493,1,0,0.35342,0.0,0.0,1,7665,0.012052,368,0,0,1,0
1512971,pocmo/Android-Network-Intents,Java,1.0,1,0,0.391304,0.0,0.0,1,739,0.350534,367,0,0,1,0
151422,lightSky/InfiniteIndicator,Java,0.866667,1,0,0.195029,10.0,0.0,1,2258,0.0,367,0,0,1,1
423047,lightSky/InfiniteAutoScroolView,Java,1.0,1,0,0.289324,6.0,0.0,1,898,0.0,366,0,0,1,1
99030,heruoxin/Clip-Stack,Java,0.913043,1,0,0.063206,313.0,23.0,1,6423,0.0,366,0,1,1,1
252190,lightSky/InfiniteAutoScrollIndicator,Java,0.866667,0,0,0.195029,0.0,0.0,1,2258,0.0,366,0,0,1,0
295589,lightSky/InfiniteAutoScrollView,Java,0.8,1,0,0.217511,0.0,0.0,1,1551,0.0,366,0,0,1,0
449218,kongnanlive/android-combination-avatar,Java,0.5,2,0,0.148387,0.0,0.0,1,887,0.0,366,0,0,1,0
173107,Frank-Zhu/TriangleRectangleLabelView,Java,0.333333,1,0,0.135027,0.0,0.0,1,794,0.0,366,0,0,1,0
607942,spotify/docker-maven-plugin,Java,0.777778,4,1,0.17881,17.777779,6.888889,1,2434,0.048733,365,1,1,1,1
1455558,sbakhtiarov/gif-movie-view,Java,0.666667,2,0,0.21,1.125,1.125,1,326,0.0,365,0,0,1,1
1849057,alexruiz/fest-assert-2.x,Java,0.99602,3,0,0.366822,12.714286,4.02381,1,43210,0.846208,365,1,1,1,1
1726522,magro/memcached-session-manager,Java,0.993671,1,0,0.301594,6.596774,0.645161,1,18924,0.332779,364,1,1,1,1
1109976,rauix/mac2imgur,Java,0.0,1,1,0.344444,13.538462,2.692308,1,733,0.0,362,1,1,1,1
1228336,entertailion/Fling,Java,1.0,1,0,0.30046,41.0,29.0,1,3454,0.0,362,0,1,1,1
607488,naver/yobi,Java,0.972318,11,1,0.153316,163.90625,5.71875,1,129400,0.239281,361,1,1,1,1
140077,google/google-api-java-client,Java,0.676647,4,0,0.253029,2.571429,0.22449,1,26262,0.351217,361,1,1,1,1
1740667,fanfoudroid/fanfoudroid,Java,0.96,2,0,0.126362,3.571429,0.035714,1,58505,0.010768,361,1,1,1,1
1716307,moxie0/AndroidPinning,Java,0.692308,1,0,0.301855,0.611111,1.0,1,975,0.447154,361,0,0,1,1
680079,sephiroth74/android-target-tooltip,Java,0.833333,1,1,0.057445,4.222222,1.0,1,2152,0.0,361,1,1,1,1
461227,chiemy/CardView,Java,1.0,2,0,0.077253,0.0,0.0,1,666,0.0,361,0,0,1,0
907313,la-team/light-admin,Java,0.98338,1,1,0.169722,19.066668,5.4,1,80886,0.136321,361,1,1,1,1
134712,d-max/spots-dialog,Java,0.833333,1,0,0.090323,29.0,0.0,1,686,0.0,361,0,0,1,0
690769,openhab/openhab2,Java,0.895197,4,0,0.235004,33.299999,17.799999,1,24688,0.023458,361,1,1,1,1
267757,ShogoMizumoto/ZDepthShadowLayout,Java,0.818182,1,0,0.066134,18.333332,1.0,1,2325,0.0,361,0,1,1,1
1335137,limccn/Android-Charts,Java,0.960526,1,0,0.185089,2.6,0.4,1,47780,0.0,360,0,1,1,1
280038,wenchaojiang/AndroidSwipeableCardStack,Java,0.692308,1,0,0.06066,0.0,0.0,1,1248,0.0,360,0,0,1,0
1406971,PSDev/LicensesDialog,Java,1.0,1,0,0.225336,7.304348,1.73913,1,2166,0.058149,360,1,1,1,1
338229,WuXiaolong/WeWin,Java,0.855263,1,0,0.203498,16.333332,0.666667,1,11387,0.001061,359,1,1,1,1
1850323,bguerout/jongo,Java,0.970803,2,0,0.248223,23.052631,6.473684,1,6988,0.549763,359,1,1,1,1
1849064,rgladwell/m2e-android,Java,0.84127,3,1,0.09819,15.044444,7.044444,1,6036,0.049316,359,1,1,1,1
1844538,rtyley/roboguice-sherlock,Java,1.0,3,1,0.121397,3.166667,0.916667,1,1006,0.298851,359,1,1,1,1
1850212,nicolasgramlich/AndEngineExamples,Java,0.954198,2,0,0.255101,5.695652,0.869565,0,12302,0.0,359,0,1,1,1
1025129,HotswapProjects/HotswapAgent,Java,0.983683,3,0,0.336683,12.466667,4.666667,1,48212,0.032789,359,1,1,1,1
1732596,allwefantasy/ServiceFramework,Java,0.9375,1,0,0.191181,8.5625,1.25,1,12298,0.006501,359,1,1,1,1
1199130,gabrielemariotti/colorpickercollection,Java,1.0,1,0,0.278961,9.0,0.5,1,2051,0.0,359,0,1,1,1
531355,Jearil/SimpleNoSQL,Java,0.928571,1,0,0.204279,9.75,4.25,1,1808,0.0,358,0,1,1,1
556694,OpenHFT/Chronicle-Map,Java,0.963265,3,0,0.234997,292.75,2.25,1,34880,0.341263,358,1,1,1,1
507841,alorma/Gitskarios,Java,0.958333,1,0,0.08835,70.875,7.25,1,34078,0.0,358,0,1,1,1
795188,wangjiegulu/AndroidBucket,Java,0.93038,2,0,0.268817,14.583333,0.166667,1,9427,0.0,358,1,1,1,1
1233833,xplodwild/android_packages_apps_Focal,Java,1.0,9,0,0.235134,20.166668,10.833333,1,16214,0.0,358,1,1,1,1
792199,alt236/Bluetooth-LE-Library---Android,Java,1.0,1,0,0.163648,14.6,1.4,1,4033,0.0,358,0,1,1,1
1846241,AxonFramework/AxonFramework,Java,0.967833,1,0,0.154887,31.048388,1.209677,1,235052,0.45299,358,1,1,1,1
1528168,castorflex/FlipImageView,Java,0.666667,1,0,0.041754,1.611111,0.5,0,533,0.0,358,0,0,1,0
791459,neevek/Paginize,Java,0.930233,1,0,0.287522,7.818182,0.181818,1,2606,0.0,358,0,0,1,1
893848,RichardWarburton/honest-profiler,Java,0.943925,1,0,0.313373,18.090908,7.0,1,5515,0.219133,358,1,1,1,1
1657791,bugsnag/bugsnag-android,Java,0.978723,1,1,0.309641,10.547619,1.404762,1,3234,0.0,357,1,1,1,1
1741177,killme2008/xmemcached,Java,0.945289,1,0,0.258302,7.035088,0.508772,1,31179,0.213534,357,1,1,1,1
967373,sockeqwe/SwipeBack,Java,0.972222,1,0,0.23989,4.153846,0.615385,1,4658,0.0,357,0,1,1,1
1505652,japgolly/svg-android,Java,0.875,2,0,0.117794,2.5,0.214286,1,4640,0.0,357,1,1,1,1
1433027,droolsjbpm/optaplanner,Java,0.952736,1,0,0.008992,74.541664,2.541667,1,2896725,0.210562,356,1,1,1,1
1852779,SpoutDev/Spout,Java,0.990263,11,1,0.389559,153.350006,13.8,1,70254,0.109014,356,1,1,1,1
1850519,gast-lib/gast-lib,Java,0.970414,1,0,0.197038,2.545455,0.363636,1,75440,0.002413,355,1,1,1,1
1747847,learnopengles/Learn-OpenGLES-Tutorials,Java,0.97561,2,0,0.19668,1.735294,0.058824,1,6678,0.0,354,0,0,1,1
593372,klinker41/android-chips,Java,0.833333,1,0,0.21142,3.333333,1.333333,1,4720,0.0,354,0,1,1,1
703708,seven332/EhViewer,Java,0.957447,1,0,0.266468,55.416668,4.333333,1,41699,0.0,354,0,1,1,1
696970,faradaj/BlurBehind,Java,0.833333,1,0,0.084772,9.666667,1.0,0,755,0.0,354,0,0,1,1
506962,zeapo/Android-Password-Store,Java,0.947368,1,1,0.099274,44.857143,10.428571,1,4330,0.0,354,1,1,1,1
1770870,jgrana/CreditCardEntry,Java,1.0,2,0,0.05428,1.444444,0.111111,1,1402,0.0,354,0,0,1,1
466328,charbgr/BlurNavigationDrawer,Java,0.909091,1,0,0.139417,13.5,1.5,1,1478,0.0,353,0,1,1,1
998824,MightyPirates/OpenComputers,Java,0.954545,1,1,0.129358,197.399994,66.599998,1,56206,0.0,353,1,1,1,1
1254442,Pirngruber/AndroidIM,Java,0.894737,1,0,0.117905,19.0,19.0,1,2645,0.0,353,0,1,1,1
1700447,psiegman/epublib,Java,0.974194,1,0,0.280899,6.607843,1.529412,1,18303,0.110125,353,1,1,1,1
995890,randdusing/BluetoothLE,Java,0.0,2,0,0.077667,10.214286,10.785714,0,7293,0.0,353,0,1,1,1
273127,Malinskiy/android-material-icons,Java,0.769231,1,0,0.059701,0.0,0.0,1,1821,0.030424,353,0,0,1,1
1021185,j4velin/Pedometer,Java,0.954545,1,0,0.143826,21.666668,4.466667,1,3589,0.0,353,0,1,1,1
522838,shamanland/floating-action-button,Java,0.454545,1,1,0.156917,12.833333,4.0,1,1053,0.029661,352,1,1,1,1
1328374,ManuelPeinado/QuickReturnHeader,Java,1.0,1,0,0.191489,0.0,0.0,1,711,0.0,352,0,0,1,0
1717599,revetkn/restfb,Java,0.964103,2,0,0.436716,7.790698,4.093023,1,17061,0.238428,351,1,1,1,1
1851495,patmorin/ods,Java,0.981481,2,0,0.165084,8.434783,0.586957,1,29162,0.0,351,1,1,1,1
1171144,spring-projects/greenhouse,Java,0.856459,3,0,0.131666,6.666667,0.2,1,42197,0.182459,350,1,1,1,1
1060998,DWorkS/AStickyHeader,Java,0.947368,2,0,0.122708,2.230769,1.461538,1,3198,0.0,349,1,1,1,1
1744033,marytts/marytts,Java,0.993452,2,1,0.193531,13.574468,6.319149,1,311899,0.02278,349,1,1,1,1
1603535,facebook/jcommon,Java,0.989362,3,0,0.263703,7.793103,1.068966,1,33048,0.25709,349,1,1,1,1
276265,rahatarmanahmed/CircularProgressView,Java,0.8,1,0,0.126031,4.25,1.25,1,943,0.0,349,0,0,1,1
6936,drakeet/AndroidUIView,Java,0.428571,1,0,0.141066,0.0,0.0,1,773,0.0,349,0,0,1,0
43540,husl-colors/husl,Java,1.0,1,1,0.119469,1.0,0.5,0,1632,0.0,349,0,0,1,1
82817,aol/micro-server,Java,0.981752,1,0,0.030303,52.5,7.5,1,8774,0.359817,348,1,1,1,1
273867,guojunyi/PullDownListView,Java,1.0,1,0,0.04212,9.666667,1.0,1,761,0.0,347,0,0,1,1
1740200,structr/structr,Java,0.965753,2,1,0.214401,85.422218,7.977778,1,155302,0.015702,347,1,1,1,1
987045,DroidPlanner/droidplanner,Java,0.925234,3,1,0.107034,182.541672,60.0,1,33024,0.0,347,1,1,1,1
64562,DroidPlanner/Tower,Java,0.925234,2,1,0.106984,51.5,13.0,1,33041,0.0,347,1,1,1,1
7158,drakeet/AndroidUIButton,Java,0.333333,1,0,0.142631,0.0,0.0,0,664,0.0,347,0,0,0,0
1845553,adyliu/jafka,Java,0.973451,1,1,0.345787,6.085714,1.142857,1,13477,0.128162,347,1,1,1,1
1803530,UniversalMediaServer/UniversalMediaServer,Java,0.993569,4,0,0.193066,174.696976,15.30303,1,67815,0.036701,347,1,1,1,1
1379545,chiragjain/Emoticons-Keyboard,Java,1.0,2,0,0.091049,1.1875,0.625,0,606,0.0,347,0,0,1,1
366341,PGSSoft/scrollscreenshot,Java,1.0,2,0,0.120098,0.0,0.0,1,455,0.0,346,0,0,1,0
1601371,Netflix/governator,Java,0.853933,3,0,0.266376,16.222221,5.083333,1,13260,0.311041,346,1,1,1,1
498592,pwittchen/NetworkEvents,Java,0.923077,1,1,0.277812,25.571428,6.428571,1,1496,0.267525,346,1,1,1,1
1801631,curioustechizen/android-ago,Java,0.5,3,0,0.169036,1.705882,0.941176,1,727,0.0,346,0,0,1,1
132238,zserge/android-virtual-layout,Java,1.0,1,0,0.025157,18.0,2.5,1,9449,0.0,346,0,1,1,1
134464,yangxu4536/MeiTuanLocateCity,Java,0.1,1,0,0.070055,0.0,0.0,0,1359,0.0,346,0,0,0,0
1743380,pentaho/mondrian,Java,0.99569,9,0,0.114803,30.568626,2.797386,1,551784,0.204116,345,1,1,1,1
487468,CalebFenton/simplify,Java,0.940397,1,1,0.035764,27.642857,2.428571,1,14798,0.371816,345,1,1,1,1
940085,asystat/Final-Android-Resizer,Java,1.0,1,0,0.375309,0.0,0.0,1,777,0.0,344,0,0,1,0
1361455,square/dagger-intellij-plugin,Java,0.933333,3,0,0.061974,2.4,1.3,1,2151,0.0,343,1,1,1,1
1727128,mixare/mixare,Java,1.0,4,0,0.235344,8.0,1.891892,1,9091,0.0,343,1,1,1,1
1698317,eddieringle/android-undergarment,Java,0.333333,1,0,0.256082,1.714286,0.785714,1,636,0.0,343,0,0,1,1
1723404,apache/jmeter,Java,0.998294,4,0,0.272868,37.349998,0.35,1,162040,0.085109,343,1,1,1,1
453528,hiteshsondhi88/ffmpeg-android-java,Java,0.916667,1,1,0.060374,23.5,2.666667,1,2311,0.018755,343,1,1,1,1
1624577,falnatsheh/MarkdownView,Java,0.9375,3,0,0.196272,1.896552,0.275862,1,2153,0.0,343,0,0,1,1
172014,JoanZapata/android-asyncservice,Java,0.83871,1,1,0.326931,11.333333,0.888889,1,1955,0.0,342,1,1,1,1
32714,brianwernick/ExoMedia,Java,0.869565,1,0,0.339705,0.0,0.0,1,3811,0.0,342,0,0,1,0
1730786,matyb/java-koans,Java,0.981366,2,1,0.037746,6.26,1.0,1,9067,0.315263,342,1,1,1,1
1397560,hekailiang/squirrel,Java,0.943396,1,0,0.12589,22.095238,2.047619,1,15526,0.350121,341,1,1,1,1
857524,4pr0n/ripme,Java,0.969697,1,1,0.063882,24.769232,14.461538,1,11585,0.047135,341,1,1,1,1
612029,frakbot/CreditsRoll,Java,0.5,2,0,0.30157,0.0,0.0,1,706,0.0,341,0,0,1,0
278931,saulmm/OpenLibra-Material,Java,0.75,1,0,0.107258,21.0,0.0,0,1159,0.0,341,0,0,1,0
1582398,bennidi/mbassador,Java,0.982301,4,0,0.232043,9.25,3.785714,1,5479,0.357262,339,1,1,1,1
99721,spring-projects/spring-restdocs,Java,0.905405,1,0,0.278349,13.6,7.8,1,4631,0.466308,339,1,1,1,1
626296,libgdx/ashley,Java,0.984375,4,0,0.240641,12.2,5.68,1,4443,0.505353,338,1,1,1,1
1719873,Nilhcem/FakeSMTP,Java,0.690909,1,0,0.320136,3.641026,0.615385,1,2274,0.139484,337,1,1,1,1
664029,medyo/dynamicbox,Java,0.8,3,0,0.084673,9.0,7.0,0,996,0.0,337,0,0,1,1
1851221,sk89q/worldguard,Java,0.981013,5,1,0.329363,35.941177,4.137255,1,26313,0.098264,337,1,1,1,1
1433081,JakeWharton/salvage,Java,1.0,2,1,0.145861,0.666667,0.444444,1,672,0.258065,337,1,0,1,1
1709302,freemarker/freemarker,Java,0.993333,1,0,0.211309,19.35,0.283333,1,98394,0.197374,336,1,1,1,1
273601,asciidocfx/AsciidocFX,Java,0.984848,2,1,0.050922,103.400002,8.4,1,362200,0.0,336,1,1,1,1
945717,mcxiaoke/minicat,Java,0.975369,1,0,0.156799,9.952381,0.238095,1,30120,0.0,336,0,1,1,1
945513,apache/struts,Java,0.97977,1,0,0.25643,26.647058,2.235294,1,392273,0.059841,336,1,1,1,1
1852205,pires/android-obd-reader,Java,1.0,3,0,0.179191,3.133333,1.316667,1,2339,0.0,335,1,1,1,1
725615,facebook/proguard,Java,0.973776,1,0,0.310751,0.0,0.0,1,72286,0.0,335,0,0,1,0
1206620,relayrides/pushy,Java,0.955556,1,1,0.342358,33.210526,8.368421,0,4658,0.387911,335,0,1,1,1
1708336,apache/giraph,Java,0.900981,9,0,0.38752,12.607143,0.25,1,87739,0.133621,334,1,1,1,1
1567211,lviggiano/owner,Java,0.95,1,1,0.210416,30.538462,4.769231,1,12359,0.595178,334,1,1,1,1
467325,kyze8439690/ResideLayout,Java,0.5,1,0,0.14248,4.0,1.0,1,1019,0.0,333,0,0,1,1
1608940,yxl/DownloadProvider,Java,0.952381,1,0,0.311928,0.423077,0.423077,1,5936,0.0,333,0,0,1,1
298729,real-logic/Agrona,Java,0.9625,3,0,0.287855,18.25,1.0,1,8456,0.372962,333,1,1,1,1
176306,AndroidDeveloperLB/ActionBarPreferenceActivity,Java,0.5,1,0,0.048611,34.0,0.0,1,305,0.0,333,0,0,1,1
1737301,sgroschupf/zkclient,Java,0.96,3,0,0.276029,1.584615,0.215385,1,3692,0.352543,333,1,1,1,1
1744837,jim618/multibit,Java,0.980892,1,1,0.202517,36.048779,16.804878,1,39082,0.122759,333,1,1,1,1
1748140,larsgeorge/hbase-book,Java,0.928571,1,0,0.07054,3.510638,0.12766,0,28642,0.0,333,0,0,1,0
147991,ikew0ng/SwitchButton,Java,0.857143,2,0,0.392986,2.25,0.25,0,678,0.0,332,0,0,1,1
1706835,yahoo/oozie,Java,0.996947,7,0,0.23978,17.533333,55.866669,1,87645,0.030692,331,1,1,1,1
499030,smanikandan14/SlimDownloadManager,Java,0.8,2,0,0.189672,0.0,0.0,1,893,0.0,331,0,0,1,0
1772395,smanikandan14/ThinDownloadManager,Java,0.818182,2,0,0.148543,29.0,3.5,1,1469,0.0,331,1,1,1,1
1389777,kristofa/brave,Java,0.957547,1,1,0.106893,16.045456,3.045455,1,22860,0.198908,331,1,1,1,1
392839,rejasupotaro/Puree,Java,0.909091,1,0,0.025529,116.0,2.0,1,1758,0.0,330,0,1,1,1
1787669,rejasupotaro/LogHouse,Java,0.9,1,0,0.028928,88.0,3.0,1,1707,0.061472,330,1,1,1,1
101353,jakob-grabner/Circle-Progress-View,Java,0.4,1,0,0.160237,0.0,0.0,1,1506,0.0,330,0,0,1,0
569550,Mariuxtheone/Teleport,Java,0.666667,1,0,0.187825,7.0,5.5,1,1620,0.0,330,0,1,1,1
1747156,FasterXML/jackson-annotations,Java,0.702703,2,1,0.663071,7.641026,1.435897,1,993,0.0,329,1,1,1,1
1599841,intel-hadoop/HiBench,Java,0.25,10,0,0.375956,6.866667,2.666667,1,3494,0.0,329,1,1,1,1
1737432,mpatric/mp3agic,Java,1.0,2,1,0.010361,3.846154,1.230769,1,7257,0.363885,329,1,1,1,1
1842618,nolanlawson/Catlog,Java,0.912281,1,0,0.092314,5.272727,0.909091,1,8436,0.009352,329,1,1,1,1
453845,square/burst,Java,0.88,3,1,0.138175,20.0,5.833333,1,1487,0.276515,328,1,1,1,1
1377596,pmerienne/trident-ml,Java,1.0,2,0,0.240492,5.666667,0.666667,1,6081,0.233367,328,1,1,1,1
1429588,Netflix/netflix-graph,Java,0.964286,2,0,0.338265,2.611111,0.277778,1,3186,0.229198,328,1,1,1,1
605462,googlesamples/android-Camera2Basic,Java,0.8,1,0,0.335544,0.888889,0.666667,1,1162,0.027687,328,0,0,1,1
1224911,cricklet/Android-PanesLibrary,Java,0.894737,1,0,0.563601,1.809524,0.52381,1,4014,0.0,328,0,0,1,1
115902,aol/simple-react,Java,0.976378,1,0,0.25463,68.333336,7.666667,1,12150,0.558307,327,1,1,1,1
1018538,theredsunrise/AndroidCoolDragAndDropGridView,Java,0.875,1,0,0.034137,0.0,0.0,0,969,0.0,327,0,0,0,0
1432408,Netflix/karyon,Java,0.941176,6,0,0.147149,9.638889,5.0,1,9110,0.149111,326,1,1,1,1
1422959,jamesward/play-rest-security,Java,0.909091,2,0,0.012857,1.411765,0.411765,0,744,0.525847,326,0,0,1,1
372525,cprcrack/VideoEnabledWebView,Java,0.8,2,0,0.184516,0.0,0.0,1,695,0.0,326,0,0,1,0
1849750,cloudfoundry/uaa,Java,0.964286,10,1,0.168546,79.951218,3.804878,1,102775,0.557198,326,1,1,1,1
1773041,isaiah/jubilee,Java,1.0,1,1,0.229573,17.666668,1.6,1,4812,0.0,325,1,1,1,1
1711092,Countly/countly-sdk-android,Java,0.885714,5,1,0.18854,4.735294,1.382353,1,5097,0.002075,325,1,1,1,1
1844920,ajoberstar/gradle-git,Java,0.166667,1,1,0.236486,8.675676,2.945946,1,2209,0.0,324,1,1,1,1
1735545,senseidb/zoie,Java,0.979021,5,0,0.157921,4.352941,0.088235,1,18246,0.160382,324,1,1,1,1
1850685,eclipse/jgit,Java,0.96318,8,0,0.388911,11.302326,0.44186,1,152605,0.403891,324,1,1,1,1
1739380,NightWhistler/PageTurner,Java,0.992806,1,0,0.159622,22.236841,15.0,1,19444,0.034803,324,1,1,1,1
459443,SkymindIO/nd4j,Java,0.993333,3,0,0.308319,128.600006,3.6,1,30994,0.098782,324,1,1,1,1
1852610,floodlight/floodlight,Java,0.98495,15,0,0.195077,57.974358,13.179487,1,92405,0.18635,324,1,1,1,1
101035,deeplearning4j/nd4j,Java,0.990798,3,0,0.323053,63.599998,7.6,1,49166,0.079582,324,1,1,1,1
456596,AppliedEnergistics/Applied-Energistics-2,Java,0.955005,2,0,0.214488,128.53334,71.599998,1,93898,0.002241,323,1,1,1,1
1836621,ktoso/maven-git-commit-id-plugin,Java,1.0,2,1,0.280735,11.510204,3.591837,1,5155,0.437182,323,1,1,1,1
1477099,anupcowkur/Android-Wheel-Menu,Java,1.0,1,0,0.266458,3.090909,0.818182,1,287,0.0,323,0,0,1,1
1847533,johnkil/SideNavigation,Java,0.666667,1,0,0.269468,2.529412,1.117647,1,2168,0.0,323,0,1,1,1
1688906,JorenSix/TarsosDSP,Java,0.893617,2,0,0.321374,4.893617,0.723404,1,25560,0.048285,322,1,1,1,1
1022402,JustinSDK/JavaSE6Tutorial,Java,0.531532,1,0,0.055514,9.923077,0.230769,0,18618,0.0,322,0,0,1,1
848565,lemire/RoaringBitmap,Java,1.0,1,1,0.172302,20.333332,1.666667,1,13826,0.4335,322,1,1,1,1
1425271,Parquet/parquet-mr,Java,0.992126,11,1,0.262626,67.5,14.7,1,52781,0.276056,322,1,1,1,1
1715388,elasticsearch/elasticsearch-mapper-attachments,Java,1.0,2,0,0.224671,6.184211,3.052632,1,2407,0.492298,322,1,1,1,1
967325,addthis/hydra,Java,0.994658,5,0,0.209336,138.071426,12.071429,1,326468,0.14179,322,1,1,1,1
1186472,komoot/photon,Java,1.0,3,0,0.100688,33.222221,8.555556,0,5783,0.302583,322,1,1,1,1
59746,elastic/elasticsearch-mapper-attachments,Java,1.0,2,0,0.223846,4.37037,0.37037,1,2412,0.623877,322,1,1,1,1
462261,databricks/reference-apps,Java,0.825,3,0,0.160034,23.75,12.75,1,4121,0.0,321,1,1,1,1
1741670,immutant/immutant,Java,0.0,2,1,0.145878,42.619049,0.380952,1,8516,0.0,321,1,1,1,1
1319166,JSQLParser/JSqlParser,Java,0.994444,1,0,0.263615,8.764706,3.529412,1,12432,0.308487,321,1,1,1,1
550684,WhisperSystems/Flock,Java,0.99435,1,0,0.177925,17.428572,12.142857,1,28913,0.06509,321,1,1,1,1
280366,antonkrasov/AndroidProgressLayout,Java,0.9,1,0,0.041878,31.0,1.0,0,903,0.0,319,0,0,1,1
289310,lukeFalsina/Grab-n-Run,Java,0.875,1,0,0.301331,18.833332,0.0,1,5194,0.0,319,0,0,1,1
1326619,sksamuel/scrimage,Java,0.995,1,1,0.296501,28.380953,3.619048,1,21687,0.0,319,1,1,1,1
297087,FredJul/Flym,Java,0.983051,2,0,0.155748,27.5,17.833332,1,12895,0.0,319,1,1,1,1
1525648,passy/Android-DirectoryChooser,Java,0.75,1,1,0.088646,7.75,2.041667,1,1871,0.168224,318,1,1,1,1
1576762,vladexologija/PinterestListView,Java,0.666667,1,0,0.035088,0.217391,0.086957,0,224,0.0,317,0,0,1,0
1850546,karussell/snacktory,Java,1.0,3,1,0.094713,3.355556,0.711111,1,99063,0.419869,317,1,1,1,1
1744059,eddieringle/hubroid,Java,0.918367,1,0,0.2982,5.208333,1.708333,1,7331,0.0,317,0,1,1,1
1672425,stickfigure/objectify,Java,0.976879,2,1,0.292296,12.604651,0.325581,1,17665,0.457167,317,1,1,1,1
1760030,jhalterman/modelmapper,Java,0.966997,1,1,0.24086,9.045455,3.045455,1,17232,0.596819,317,1,1,1,1
1746428,myabc/markdownj,Java,0.947368,1,1,0.174129,0.864407,0.372881,1,2988,0.301115,316,0,1,1,1
18533,objectify/objectify,Java,0.976879,0,1,0.292296,0.0,0.0,1,17665,0.457167,316,0,0,1,1
1192576,nicolasjafelle/PagingListView,Java,0.888889,2,0,0.134463,2.5,0.5,1,881,0.0,316,1,0,1,1
1845304,sephiroth74/AndroidWheel,Java,0.909091,1,0,0.273651,1.125,0.75,0,1175,0.0,315,0,0,1,1
1250353,umano/MultiItemRowListAdapter,Java,1.0,2,0,0.072202,1.571429,1.285714,1,577,0.0,315,0,0,1,1
461389,chiemy/JellyViewPager,Java,0.888889,1,0,0.145809,0.0,0.0,0,745,0.0,315,0,0,0,0
1227153,Huawei-Hadoop/hindex,Java,0.991983,2,0,0.238206,2.0,3.1875,1,340328,0.302801,315,1,1,1,1
753830,flavienlaurent/activityanimation,Java,1.0,1,0,0.026119,0.0,0.0,0,1069,0.0,314,0,0,0,0
1760236,codebutler/android-websockets,Java,1.0,1,0,0.065666,1.0,1.357143,0,564,0.0,314,0,0,1,1
807707,ufo22940268/android-justifiedtextview,Java,0.375,1,0,0.120815,3.25,0.25,1,716,0.0,314,0,0,1,1
1848737,spacecowboy/NotePad,Java,0.932367,1,1,0.250372,32.486485,6.189189,1,42250,0.000394,314,1,1,1,1
1844243,ryantenney/metrics-spring,Java,0.985507,1,1,0.234756,10.911765,3.147059,1,5601,0.326401,313,1,1,1,1
1408233,HaraldWalker/user-agent-utils,Java,1.0,1,0,0.191769,8.619048,3.714286,1,13540,0.556526,313,1,1,1,1
1852204,fusesource/leveldbjni,Java,0.961538,1,0,0.134769,3.828571,1.485714,1,37068,0.303188,313,1,1,1,1
1403557,umeng/apf,Java,0.444444,2,0,0.276392,0.0,0.0,0,468,0.0,313,0,0,1,0
1767615,twitter/cloudhopper-smpp,Java,0.993197,5,1,0.347161,3.208333,1.75,1,12427,0.307126,312,1,1,1,1
1182070,torryharris/TH-ProgressButton,Java,1.0,2,0,0.127436,0.0,0.0,1,652,0.0,312,0,0,1,0
1025720,learnNcode/MediaChooser,Java,1.0,1,0,0.261456,3.461538,1.076923,1,2489,0.0,312,0,1,1,1
141572,MoshDev/AndroidIndicators,Java,0.833333,1,0,0.06603,25.0,2.0,1,1360,0.0,311,0,1,1,1
844184,apache/curator,Java,0.977642,4,0,0.159923,27.4375,4.3125,1,89028,0.179578,311,1,1,1,1
1823031,drewnoakes/metadata-extractor,Java,0.986239,1,1,0.323241,3.662338,0.642857,1,21906,0.142313,311,1,1,1,1
815552,ysc/word,Java,1.0,1,0,0.286388,50.299999,0.1,1,6345,0.165103,310,1,1,1,1
1229581,forcedotcom/aura,Java,0.977003,8,0,0.241979,379.142853,1.666667,1,514048,0.05693,310,1,1,1,1
1599725,olivergierke/spring-restbucks,Java,0.901961,1,1,0.173069,4.785714,1.0,1,19052,0.435604,310,1,1,1,1
1849014,cloudera/crunch,Java,1.0,1,0,0.257355,9.25641,1.538462,1,20488,0.248698,309,1,1,1,1
1744805,appfuse/appfuse,Java,0.96888,1,0,0.185401,30.984734,0.167939,1,48829,0.167028,309,1,1,1,1
713017,jindrapetrik/jpexs-decompiler,Java,0.978663,2,0,0.318422,49.648148,0.351852,1,186940,0.016065,309,1,1,1,1
1850888,rhuss/jolokia,Java,1.0,1,1,0.259681,24.490566,3.566038,1,55355,0.389434,309,1,1,1,1
1170853,pyricau/shipfaster,Java,0.966667,1,0,0.019629,30.0,2.0,1,910,0.147826,308,1,1,1,1
1334280,mogoweb/chromium_webview,Java,0.953425,2,0,0.307784,8.5,1.722222,1,40698,0.013689,307,1,1,1,1
1665381,ArcBees/GWTP,Java,0.946429,7,1,0.411886,52.166668,11.816667,1,29925,0.142623,306,1,1,1,1
5178,zserge/anvil,Java,1.0,1,0,0.025163,0.0,0.0,1,9504,0.0,306,0,0,1,0
1718464,mikiobraun/jblas,Java,0.905882,3,1,0.306394,2.717949,1.230769,1,20692,0.181782,306,1,1,1,1
1817213,rhuss/docker-maven-plugin,Java,0.974359,1,1,0.213618,33.5,11.333333,1,8718,0.252444,305,1,1,1,1
1632361,haraldk/TwelveMonkeys,Java,0.95442,1,0,0.36985,11.0,3.205128,1,82831,0.26298,305,1,1,1,1
625341,etsy/Conjecture,Java,0.968254,4,0,0.209548,16.857143,4.714286,1,8084,0.082124,304,1,1,1,1
281374,GhostFlying/LocationReportEnabler,Java,0.6,1,0,0.062016,5.75,3.0,1,169,0.0,303,0,1,1,1
1638456,Qieqie/paoding-rose,Java,0.953795,1,0,0.343302,1.857143,3.142857,1,18398,0.028795,303,0,1,1,1
855785,my2iu/Jinq,Java,0.971429,2,0,0.151267,31.090908,0.272727,1,18733,0.112619,303,1,1,1,1
773096,alorma/TimelineView,Java,0.75,1,0,0.114833,0.0,0.0,1,612,0.0,303,0,0,1,1
1567597,jprante/elasticsearch-knapsack,Java,0.996078,1,1,0.297523,3.518519,2.333333,1,24497,0.078996,303,1,1,1,1
1763653,blazsolar/android-collapse-calendar-view,Java,0.966667,1,1,0.055412,14.333333,0.5,1,3161,0.405226,302,1,1,1,1
1735154,apache/httpclient,Java,0.949468,2,0,0.325166,26.038462,1.076923,1,79164,0.461076,302,1,1,1,1
1847965,caprica/vlcj,Java,0.905882,1,0,0.507823,18.416668,7.729167,1,20392,0.404156,302,1,1,1,1
447304,linkedin/ml-ease,Java,1.0,1,0,0.174589,0.0,0.0,1,9318,0.0,302,0,0,1,0
1631304,foxykeep/ContentProviderCodeGenerator,Java,1.0,1,0,0.35988,3.0,1.227273,0,3842,0.0,302,0,0,1,1
601590,quran/quran_android,Java,0.5,4,0,0.099315,17.838711,2.0,0,26904,0.0,301,0,1,1,1
1692626,evernote/evernote-sdk-android,Java,0.955556,3,0,0.315153,3.8,1.285714,1,6627,0.0,301,1,1,1,1
594290,Telly/FloatingAction,Java,0.833333,1,0,0.051977,6.0,2.5,1,996,0.0,300,0,0,1,1
1353596,amigold/FunDapter,Java,0.970588,3,0,0.165787,2.3125,1.125,1,1912,0.0,300,1,1,1,1
320990,jingchenUSTC/PullToRefreshAndLoad,Java,0.2,2,0,0.101266,6.75,0.75,0,1726,0.0,300,0,0,1,1
1566689,MartinvanZ/Inscription,Java,0.625,3,0,0.116578,3.5,1.333333,1,852,0.0,299,1,1,1,1
1848792,cometd/cometd,Java,0.973913,2,0,0.17405,21.622643,0.528302,1,70733,0.537923,299,1,1,1,1
1404618,mcxiaoke/fanfouapp-opensource,Java,0.987952,1,0,0.217463,0.866667,0.133333,1,30863,0.0,299,0,0,1,1
1746176,brutall/brut.apktool,Java,0.993421,2,0,0.282322,5.821429,0.357143,1,32091,0.025922,299,1,1,1,1
1624004,tntim96/JSCover,Java,0.985816,1,0,0.490264,25.0,6.448276,1,54612,0.627527,298,1,1,1,1
541024,JackCho/AndroidVideoView,Java,0.777778,2,0,0.104508,3.5,0.0,0,880,0.0,298,0,0,1,0
487506,coderkiss/ProMosaic,Java,1.0,2,0,0.006843,0.0,0.0,1,1209,0.0,298,0,0,1,0
587307,rejasupotaro/MaterialDesignSample,Java,0.891892,1,0,0.013602,0.0,0.0,0,2366,0.0,298,0,0,0,0
1791544,chariotsolutions/phonegap-nfc,Java,0.8,2,0,0.118828,9.068182,3.75,1,2815,0.0,298,1,1,1,1
30021,kenumir/MaterialSettings,Java,0.818182,1,0,0.05615,0.0,0.0,1,1915,0.0,298,0,0,1,0
1709301,gresrun/jesque,Java,0.981481,2,1,0.320027,4.613636,1.659091,1,9197,0.506211,297,1,1,1,1
465809,davidmoten/rtree,Java,1.0,1,1,0.151998,115.666664,3.666667,1,4705,0.466422,297,1,1,1,1
910386,googlecast/CastVideos-android,Java,0.833333,2,0,0.203047,2.846154,2.076923,1,3984,0.0,297,1,1,1,1
168458,chiuki/android-recyclerview,Java,0.8,1,0,0.034722,0.0,0.0,1,879,0.0,296,0,0,1,0
110338,ustwo/Clockwise,Java,0.888889,1,0,0.41126,24.0,12.0,1,1418,0.197483,296,1,1,1,1
759147,wuyexiong/transparent-over-animtabsview,Java,0.4,2,1,0.064103,12.0,1.0,1,592,0.0,296,1,1,1,1
793060,HiddenStage/divide,Java,0.867347,2,0,0.384661,14.285714,1.857143,1,12548,0.077487,295,1,1,1,1
1848513,CloudifySource/cloudify,Java,0.856618,9,1,0.316592,181.054047,2.756757,1,95043,0.115751,295,1,1,1,1
485102,r0adkll/PostOffice,Java,0.857143,1,0,0.281204,11.5,4.5,1,4797,0.0,295,0,1,1,1
36026,SleepyTrousers/EnderIO,Java,0.912044,2,0,0.132191,170.0,128.0,1,103200,0.0,294,1,1,1,1
1702417,headius/thread_safe,Java,1.0,4,1,0.310122,3.088235,1.441176,1,8344,0.003115,294,1,1,1,1
1022805,JakeWharton/madge,Java,0.666667,1,1,0.065353,3.076923,0.769231,1,1015,0.0,294,1,1,1,1
1518207,jzachr/goldenorb,Java,0.985816,0,0,0.350841,0.0,0.0,1,11729,0.301752,294,0,0,1,0
337952,boxme/CustomCameraApp,Java,0.333333,1,0,0.086915,0.0,0.0,1,1004,0.0,293,0,0,1,0
1849720,mitreid-connect/OpenID-Connect-Java-Spring-Server,Java,0.99569,4,1,0.213708,47.195122,17.756098,1,52695,0.254727,293,1,1,1,1
294819,jhusain/learnrxjava,Java,0.868421,3,0,0.249745,0.0,0.0,0,2961,0.193525,292,0,0,1,0
1746854,IVPR/Weave,Java,0.975728,4,0,0.192254,133.777771,0.066667,1,253616,0.145881,292,1,1,1,1
1846540,winder/Universal-G-Code-Sender,Java,0.710145,2,0,0.181624,14.125,7.5625,1,23580,0.144455,292,1,1,1,1
1240782,SalomonBrys/ANR-WatchDog,Java,0.8,1,0,0.151659,1.578947,0.263158,1,749,0.0,291,0,0,1,1
1741595,banq/jdonframework,Java,0.966292,1,0,0.295067,9.714286,0.428571,1,38552,0.013004,291,1,1,1,1
912472,larsga/Duke,Java,0.990783,3,1,0.153083,11.714286,19.285713,1,18659,0.358989,291,1,1,1,1
270590,yaa110/Effects-Pro,Java,0.947368,1,0,0.045324,8.666667,0.666667,1,6333,0.0,290,0,1,1,1
611180,deano2390/FlowTextView,Java,0.923077,1,0,0.194776,3.608696,0.782609,1,7737,0.0,290,0,1,1,1
533867,malmstein/fenster,Java,0.833333,1,0,0.082934,36.5,4.5,1,3010,0.0,290,0,1,1,1
190554,kinneyyan/my36kr,Java,0.959184,1,0,0.218441,13.0,0.0,1,12111,0.0,290,0,0,1,1
1848246,mcMMO-Dev/mcMMO,Java,0.986264,5,0,0.136234,122.264153,47.905659,1,42438,0.0,289,1,1,1,1
1369,kinneyyan/36krReader,Java,0.911765,1,0,0.225251,0.0,0.0,1,7704,0.0,289,0,0,1,0
1431928,halzhang/StartupNews,Java,0.927711,1,1,0.30141,6.636364,0.590909,1,32812,0.001044,289,1,1,1,1
968366,jgilfelt/GhostLog,Java,0.814815,1,0,0.132497,9.181818,0.727273,1,3022,0.0,289,0,1,1,1
993715,gwtbootstrap3/gwtbootstrap3,Java,0.949861,4,1,0.483969,39.599998,21.466667,1,13403,0.031466,289,1,1,1,1
747935,liyiorg/weixin-popular,Java,1.0,1,0,0.183764,5.818182,1.181818,1,5758,0.0,288,0,1,1,1
1743987,commonsguy/cwac-loaderex,Java,0.9,2,0,0.245149,1.551724,0.517241,1,1595,0.0,288,0,0,1,1
297468,passy/scdl,Java,0.978102,1,0,0.204335,7.692308,0.076923,1,11100,0.167967,288,1,1,1,1
